{"entities":{"pages":{"Zdeněk-Rykr":{"id":"Zdeněk-Rykr","title":"Zdeněk Rykr","url":"zdeněk-rykr.html","level":0,"tabIndex":0},"Josef-Čapek":{"id":"Josef-Čapek","title":"Josef Čapek","url":"josef-čapek.html","level":0,"tabIndex":1},"Jan-Zrzavý":{"id":"Jan-Zrzavý","title":"Jan Zrzavý","url":"jan-zrzavý.html","level":0,"tabIndex":2},"Josef-Lada":{"id":"Josef-Lada","title":"Josef Lada","url":"josef-lada.html","level":0,"tabIndex":3},"Bratři-v-triku":{"id":"Bratři-v-triku","title":"Bratři v triku","url":"bratři-v-triku.html","level":0,"tabIndex":4},"Jiří-Trnka":{"id":"Jiří-Trnka","title":"Jiří Trnka","url":"jiří-trnka.html","level":0,"tabIndex":5},"Skupina-RA":{"id":"Skupina-RA","title":"Skupina Ra","url":"skupina-ra.html","level":0,"tabIndex":6},"Bohuslav-Reynek":{"id":"Bohuslav-Reynek","title":"Bohuslav Reynek","url":"bohuslav-reynek.html","level":0,"tabIndex":7},"Ladislav-Sutnar":{"id":"Ladislav-Sutnar","title":"Ladislav Sutnar","url":"ladislav-sutnar.html","level":0,"tabIndex":8},"Zdeněk-Burian":{"id":"Zdeněk-Burian","title":"Zdeněk Burian","url":"zdeněk-burian.html","level":0,"tabIndex":9},"Mikuláš-Medek":{"id":"Mikuláš-Medek","title":"Mikuláš Medek","url":"mikuláš-medek.html","level":0,"tabIndex":10},"Stanislav-Kolíbal":{"id":"Stanislav-Kolíbal","title":"Stanislav Kolíbal","url":"stanislav-kolíbal.html","level":0,"tabIndex":11},"Edward-Hopper":{"id":"Edward-Hopper","title":"Edward Hopper","url":"edward-hopper.html","level":0,"tabIndex":12}}},"topLevelIds":["Zdeněk-Rykr","Josef-Čapek","Jan-Zrzavý","Josef-Lada","Bratři-v-triku","Jiří-Trnka","Skupina-RA","Bohuslav-Reynek","Ladislav-Sutnar","Zdeněk-Burian","Mikuláš-Medek","Stanislav-Kolíbal","Edward-Hopper"]}