{"entities":{"pages":{"Jiří-Trnka":{"id":"Jiří-Trnka","title":"Jiří Trnka","url":"jiří-trnka.html","level":0,"tabIndex":0},"Skupina-RA":{"id":"Skupina-RA","title":"Skupina Ra","url":"skupina-ra.html","level":0,"tabIndex":1},"Bohuslav-Reynek":{"id":"Bohuslav-Reynek","title":"Bohuslav Reynek","url":"bohuslav-reynek.html","level":0,"tabIndex":2},"Ladislav-Sutnar":{"id":"Ladislav-Sutnar","title":"Ladislav Sutnar","url":"ladislav-sutnar.html","level":0,"tabIndex":3},"Zdeněk-Burian":{"id":"Zdeněk-Burian","title":"Zdeněk Burian","url":"zdeněk-burian.html","level":0,"tabIndex":4},"Mikuláš-Medek":{"id":"Mikuláš-Medek","title":"Mikuláš Medek","url":"mikuláš-medek.html","level":0,"tabIndex":5},"Stanislav-Kolíbal":{"id":"Stanislav-Kolíbal","title":"Stanislav Kolíbal","url":"stanislav-kolíbal.html","level":0,"tabIndex":6},"Edward-Hopper":{"id":"Edward-Hopper","title":"Edward Hopper","url":"edward-hopper.html","level":0,"tabIndex":7}}},"topLevelIds":["Jiří-Trnka","Skupina-RA","Bohuslav-Reynek","Ladislav-Sutnar","Zdeněk-Burian","Mikuláš-Medek","Stanislav-Kolíbal","Edward-Hopper"]}